<?xml version="1.0" ?>
<!-- po38294.xml -->
<purchase-order id="38294">
  <date year="2001" month="4" day="21"/>
  <customer id="4738" level="Gold">
    <address type="business">
      <name>
        <title>Ms.</title>
        <first-name>Natalie</first-name>
        <last-name>Attired</last-name>
      </name>
      <street>707 Breitling Way</street>
      <city>Winter Harbor</city>
      <state>ME</state>
      <zip>00218</zip>
    </address>
    <address type="ship-to"/>
  </customer>
  <items>
    <item part-no="21630-29-LS">
      <name>Lemon Snubber</name>
      <qty>7</qty>
      <price>12.95</price>
    </item>
    <item part-no="28813-70-PG">
      <name>Prawn Goader</name>
      <qty>4</qty>
      <price>18.95</price>
    </item>
  </items>
</purchase-order>
