<?xml version="1.0" ?>
<!-- po38295.xml -->
<purchase-order id="38295">
  <date year="2001" month="4" day="1"/>
  <customer id="4738" level="Gold">
    <address type="business">
      <name>
        <title>Mrs.</title>
        <first-name>Mary</first-name>
        <last-name>Backstayge</last-name>
      </name>
      <street>283 First Avenue</street>
      <city>Skunk Haven</city>
      <state>MA</state>
      <zip>02718</zip>
    </address>
    <address type="ship-to"/>
  </customer>
  <items>
    <item part-no="28772-63-OB">
      <name>Olive Bruiser</name>
      <qty>1</qty>
      <price>19.95</price>
    </item>
  </items>
</purchase-order>
