<?xml version="1.0"?>
<!-- po38292.xml -->
<purchase-order id="38292">
  <date year="2001" month="6" day="19"/>
  <customer id="4738" level="Platinum">
    <address type="business">
      <name>
        <title>Mr.</title>
        <first-name>Chester Hasbrouck</first-name>
        <last-name>Frisby</last-name>
      </name>
      <street>1234 Main Street</street>
      <city>Sheboygan</city>
      <state>WI</state>
      <zip>48392</zip>
    </address>
    <address type="ship-to"/>
  </customer>
  <items>
    <item part-no="28392-33-TT">
      <name>Turnip Twaddler</name>
      <qty>3</qty>
      <price>9.95</price>
    </item>
    <item part-no="28813-70-PG">
      <name>Prawn Goader</name>
      <qty>1</qty>
      <price>18.95</price>
    </item>
    <item part-no="28100-38-CT">
      <name>Clam Teaser</name>
      <qty>7</qty>
      <price>39.95</price>
    </item>
  </items>
</purchase-order>
