<?xml version="1.0" encoding="UTF-8"?>

<Lager>
	<Artikel>
		<Artnr>7777</Artnr>
		<Bezeichnung>Jalousie CX</Bezeichnung>
		<Warengruppe>Jalousie</Warengruppe>
		<Bestand>100</Bestand>
		<Preis>198</Preis>
	</Artikel>
	<Artikel>
		<Artnr>7778</Artnr>
		<Bezeichnung>Jalousie CC</Bezeichnung>
		<Warengruppe>Jalousie</Warengruppe>
		<Bestand>200</Bestand>
		<Preis>174</Preis>
	</Artikel>
	<Artikel>
		<Artnr>7774</Artnr>
		<Bezeichnung>Jalousie VX</Bezeichnung>
		<Warengruppe>Jalousie</Warengruppe>
		<Bestand>600</Bestand>
		<Preis>220</Preis>
	</Artikel>
	<Artikel>
		<Artnr>5554</Artnr>
		<Bezeichnung>Rollo PC</Bezeichnung>
		<Warengruppe>Rollo</Warengruppe>
		<Bestand>150</Bestand>
		<Preis>95</Preis>
	</Artikel>
	<Artikel>
		<Artnr>7999</Artnr>
		<Bezeichnung>Sunset</Bezeichnung>
		<Warengruppe>Rollo</Warengruppe>
		<Bestand>200</Bestand>
		<Preis>120</Preis>
	</Artikel>
	<Artikel>
		<Artnr>8444</Artnr>
		<Bezeichnung>Markise SK</Bezeichnung>
		<Warengruppe>Markise</Warengruppe>
		<Bestand>160</Bestand>
		<Preis>280</Preis>
	</Artikel>
</Lager>
