<?xml version="1.0" encoding="UTF-8"?>
<weindepot>
	<anbaugebiet name="Mosel">
		<jahrgang jahr="2015">
			<art farbe="weiss">
				<wein>
					<bezeichnung>Enkircher Pastor</bezeichnung>
					<rebsorte>Riesling</rebsorte>
					<richtung qualitaet="Auslese">halbtrocken</richtung>
					<preis>8,00</preis>
				</wein>
				<wein>
					<bezeichnung>Cochemer Hospiz</bezeichnung>
					<rebsorte>Riesling</rebsorte>
					<richtung qualitaet="Auslese">trocken</richtung>
					<preis>18,00</preis>
				</wein>
			</art>
		</jahrgang>
	</anbaugebiet>
</weindepot>
