<?xml version="1.0" encoding="ISO-8859-1"?>
<!DOCTYPE buchhandel SYSTEM "buchverkauf.dtd">

<buchhandel>

 <buch ersch-jahr="2008" ersch-datum="2008-07-01" kat="reisen" isbn="3-899-77610-5">
        <bild quelle="titel1"/>
        <buchtitel>Yet Another Hitchhiker's Guide to the Galaxy</buchtitel>
        <buchautor>Adams, Douglas</buchautor>
        <buchverlag>Spacetrotter Publishing</buchverlag>
        <preis waehrung="Dollar">17.00</preis>
        <verkauf>100</verkauf>
    </buch>
    <buch status="standardwerk" ersch-jahr="1950"  ersch-datum="1950-01-01" kat="tiere" isbn="">
        <bild quelle="titel2"/>
        <buchtitel>Unter Korallen und Haien</buchtitel>
        <buchautor>Hass, Hans</buchautor>
        <buchverlag>Ozean Verlag</buchverlag>
        <preis waehrung="Euro">22.95</preis>
        <verkauf>40</verkauf>
    </buch>
    <buch  status="bestseller" ersch-jahr="2008"  ersch-datum="2008-07-01" kat="tiere" isbn="3-899-77608-5">
        <bild quelle="titel3"/>
        <buchtitel>Wunder der Tiefsee</buchtitel>
        <buchautor>Braun, Bert</buchautor>
        <buchverlag>Ozean Verlag</buchverlag>
        <preis waehrung="Euro">14.00</preis>
        <verkauf>160</verkauf>
    </buch>
    <buch ersch-jahr="2006"  ersch-datum="2006-07-01" kat="reisen">
        <bild quelle="titel4"/>
        <buchtitel>Unterm Gipfelkreuz</buchtitel>
        <buchautor>Assmann, Peter</buchautor>
        <buchverlag>Berg Verlag</buchverlag>
        <preis waehrung="Euro">14.00</preis>
        <verkauf>90</verkauf>
    </buch>
    <buch status="bestseller" ersch-jahr="2001"  ersch-datum="2001-07-01">
        <bild quelle="titel5"/>
        <buchtitel>So lerne ich Java</buchtitel>
        <buchautor>Panter, Peter</buchautor>
        <buchautor>Jobst, Julius</buchautor>
        <buchverlag>EDV Verlag</buchverlag>
        <preis waehrung="Euro">37.95</preis>
        <verkauf>290</verkauf>
    </buch>
    <buch ersch-jahr="1960"  ersch-datum="1960-07-01" kat="reisen" isbn="">
        <bild quelle="titel6"/>
        <buchtitel>Ganz oben</buchtitel>
        <buchautor>Hansen, Carl</buchautor>
        <buchverlag>Berg Verlag</buchverlag>
        <preis waehrung="Euro">20.95</preis>
        <verkauf>80</verkauf>
    </buch>
    <buch ersch-jahr="2007"  ersch-datum="2007-07-01" kat="tiere">
        <bild quelle="titel7"/>
        <buchtitel>Hoffmann der Katzenfreund</buchtitel>
        <buchautor>Murr, Kater</buchautor>
        <buchverlag>Miau Verlag</buchverlag>
        <preis waehrung="Euro">22.95</preis>
        <verkauf>190</verkauf>
    </buch>
    <buch ersch-jahr="2000"  ersch-datum="2000-07-01" kat="tiere" isbn="3-890-77608-5">
        <bild quelle="titel8"/>
        <buchtitel>Aale im Streiflicht</buchtitel>
        <buchautor>Braun, Bert</buchautor>
        <buchverlag>Ozean Verlag</buchverlag>
        <preis waehrung="Euro">14.00</preis>
        <verkauf>10</verkauf>
    </buch>
    <buch ersch-jahr="1961"  ersch-datum="1961-07-01" kat="reisen">
        <bild quelle="titel9"/>
        <buchtitel>Noch weiter oben</buchtitel>
        <buchautor>Hansen, Carl</buchautor>
        <buchverlag>Berg Verlag</buchverlag>
        <preis waehrung="Euro">23.95</preis>
        <verkauf>150</verkauf>
    </buch>
    <buch status="standardwerk" ersch-jahr="2009"  ersch-datum="2009-07-01" kat="tiere">
        <bild quelle="titel10"/>
        <buchtitel>Vom Umgang mit Hunden</buchtitel>
        <buchautor>Murr, Kater</buchautor>
        <buchverlag>Miau Verlag</buchverlag>
        <preis waehrung="Euro">23.95</preis>
        <verkauf>17</verkauf>
    </buch>

</buchhandel>

