<?xml version="1.0" encoding="ISO-8859-1" standalone="yes"?>
<!DOCTYPE artikel [
<!ENTITY abschnitt1 SYSTEM "abschnitt1.xml">
<!ENTITY abschnitt2 SYSTEM "abschnitt2.xml">
<!ENTITY abschnitt3 SYSTEM "abschnitt3.xml">
<!ENTITY abschnitt4 SYSTEM "abschnitt4.xml">
<!ENTITY abschnitt5 SYSTEM "abschnitt5.xml">
<!ENTITY abschnitt6 SYSTEM "abschnitt6.xml"> 
]>
<artikel>
<kapitel>
<titel>XML-Grundlagen</titel>
&abschnitt1;
&abschnitt2;
</kapitel>
<kapitel>
<titel>Mehr �ber XML</titel>
&abschnitt3;
&abschnitt4;
</kapitel>
<kapitel>
<titel>Noch mehr �ber XML</titel>
&abschnitt5;
&abschnitt6;
</kapitel>
</artikel>