<?xml version="1.0" encoding="ISO-8859-1"?>
<buchreferenzen>
<buchreferenz autor="George Georgensen">Panter und Tiger</buchreferenz>
<buchreferenz autor="Erich Erichsen">Haben oder sein</buchreferenz>
<buchreferenz autor="Sabine Schreber-Garten">Gl�cklich durch Gartenarbeit</buchreferenz>
<buchreferenz autor="Fritz Fibel">Mein erstes Lesebuch</buchreferenz>
<buchreferenz autor="Paul Programmierer">Gesund durch XML</buchreferenz>
<buchreferenz autor="R. L. Stevenson">Die Schatzinsel</buchreferenz>
<buchreferenz autor="Kurt Kegler">Alle Neune</buchreferenz>
</buchreferenzen>